<?xml version="1.0" encoding="utf-8" ?>
<Properties>
 <Property name="Identificação do objeto" id="2000" index="0" type="7">127/14/1/0</Property>
 <Property name="Último editor: Identificação" id="3010" index="0" type="7"/>
 <Property name="Último editor: Nome" id="3011" index="0" type="7"/>
 <Property name="Último editor: Telefone" id="3012" index="0" type="7"/>
 <Property name="Último editor: E-mail" id="3013" index="0" type="7"/>
 <Property name="Estrutura do projeto: Atribuição funcional" id="10001" index="0" type="7"/>
 <Property name="Estrutura do projeto: Instalação" id="10002" index="0" type="7">&lt;1100&gt;&lt;1101&gt;&lt;1102&gt;&lt;1103&gt;&lt;1104&gt;&lt;1105&gt;&lt;1106&gt;&lt;1107&gt;&lt;1108&gt;&lt;1109&gt;</Property>
 <Property name="Estrutura do projeto: Local de instalação" id="10003" index="0" type="7"/>
 <Property name="Estrutura do projeto: Local de montagem" id="10004" index="0" type="7">&lt;1200&gt;&lt;1201&gt;&lt;1202&gt;&lt;1203&gt;&lt;1204&gt;&lt;1205&gt;&lt;1206&gt;&lt;1207&gt;&lt;1208&gt;&lt;1209&gt;</Property>
 <Property name="Estrutura do projeto: Número da instalação" id="10005" index="0" type="7"/>
 <Property name="Estrutura do projeto: Tipo de documento" id="10006" index="0" type="7">&lt;1500&gt;</Property>
 <Property name="Estrutura do projeto: Estrutura definida pelo utilizador" id="10007" index="0" type="7"/>
 <Property name="Nome do projeto (completo)" id="10009" index="0" type="7">C:\Users\Public\EPLAN\Data\Projectos\Company name\Robo UR10.elk</Property>
 <Property name="Caminho do projeto" id="10010" index="0" type="7"/>
 <Property name="Descrição do projeto" id="10011" index="0" type="15">de_DE@Projektvorlage mit Kennzeichnungsstruktur gemäß IEC-Norm: Seitenstruktur mit Anlage und Einbauort und Dokumentenart;en_US@Project template with identification structure in accordance with IEC standard: Page structure with higher-level function and mounting location and document type;es_ES@Plantilla de proyecto con estructura de identificación según la norma IEC: Estructura de página con instalación y lugar de montaje y tipo de documento;fr_FR@Modèle de projet avec structure d&apos;identification conformément à la norme IEC : Structure de page avec installation et lieu de montage et type de document;nl_NL@Projectsjabloon met coderingsstructuur volgens IEC-Norm: paginastructuur met groep en inbouwplaats en documenttype;sv_SE@Projektmall med beteckningsstruktur enligt IEC-normen: bladstruktur med anläggning och montageplacering och dokumenttyp;da_DK@Projektskabelon med identificerende struktur iht. IEC-norm: Sidestruktur med anlæg og placering og dokumenttype;ru_RU@Шаблон проекта со структурой обозначений согласно стандарту IEC: Структура страницы с установкой и местом установки, а также видом документа;zh_CN@带 IEC 标准标识结构的项目模板:带有高层代号和位置代号以及文档类型的页结构;pl_PL@Szablon projektu ze strukturą oznaczeń zgodnie z normą IEC: Struktura stron z urządzeniem, miejscem montażu i rodzajem dokumentu;pt_BR@Projeto de modelo com estrutura de identificação de acordo com a norma IEC: Estrutura da página com instalação e local de montagem e tipo de documento;cs_CZ@Šablona projektu se strukturou označení podle normy IEC: Struktura stran se zařízením a místem instalace a druhem dokumentu;it_IT@Modello di progetto con struttura identificativa conforme alla norma IEC: Struttura pagine con impianto, luogo di montaggio e tipo documentazione;hu_HU@Projektsablon jelzési szerkezettel az IEC-szabvány szerint: Tervlapszerkezet főcsoporttal, beépítési hellyel és dokumentumfajtával;pt_PT@UR10e Collaborative industrial robot _ Projeto PSA;ko_KR@IEC 표준에 따른 식별 구조가 있는 프로젝트 템플릿: 상위 레벨 기능, 부착 영역 및 문서 유형이 있는 페이지 구조;ja_JP@プロジェクト テンプレート、IEC 規格に準拠した識別子構造: 上位階層機能、実装位置、およびドキュメント タイプを使用したページ構造;tr_TR@IEC normuna göre tanımlama yapılı proje şablonu: Üst düzey fonksiyon ve montaj yeri ve doküman tipi içeren sayfa yapısı;ro_RO@Şablon proiect cu structură indicator conform standardului IEC: Structură pagină cu funcţie superioară, locaţie de montare şi tip document;</Property>
 <Property name="Importar nome da página para o DT" id="10012" index="0" type="1">0</Property>
 <Property name="Número de projeto" id="10013" index="0" type="7">IEC_tpl003</Property>
 <Property name="Comissão" id="10014" index="0" type="15">de_DE@EPLAN;en_US@EPLAN;es_ES@EPLAN;fr_FR@EPLAN;nl_NL@EPLAN;sv_SE@EPLAN;da_DK@EPLAN;ru_RU@EPLAN;zh_CN@EPLAN;pl_PL@EPLAN;pt_BR@EPLAN;cs_CZ@EPLAN;it_IT@EPLAN;hu_HU@EPLAN;pt_PT@EPLAN;ko_KR@EPLAN;ja_JP@EPLAN;tr_TR@EPLAN;ro_RO@EPLAN;</Property>
 <Property name="Nome da empresa" id="10015" index="0" type="7">CGIT Lim.</Property>
 <Property name="Endereço da empresa 1" id="10016" index="0" type="7">Universidade de Aveiro, Departamento de Engenharia Mecânica</Property>
 <Property name="Endereço da empresa 2" id="10017" index="0" type="7">D-3800 Aveiro</Property>
 <Property name="Separador das estruturas" id="10018" index="0" type="7">16&#9;==&#9;.&#9;=&#9;.&#9;++&#9;.&#9;+&#9;.&#9;&#9;&#9;&amp;&#9;&#9;#&#9;#&#9;-&#9;-</Property>
 <Property name="Encaixamento de DT&apos;s" id="10019" index="0" type="7">16&#9;1&#9;1&#9;1&#9;1&#9;1&#9;1&#9;1&#9;1&#9;0&#9;0&#9;0&#9;0&#9;1&#9;0&#9;1&#9;0</Property>
 <Property name="Autor" id="10020" index="0" type="7">Tatiana Resende</Property>
 <Property name="Data de criação" id="10021" index="0" type="14">1656955364</Property>
 <Property name="Último editor: Nome de entrada" id="10022" index="0" type="7">USER</Property>
 <Property name="Data de alteração" id="10023" index="0" type="14">1657219882</Property>
 <Property name="Última tradução: Data" id="10024" index="0" type="14">1583403127</Property>
 <Property name="Data atual" id="10027" index="0" type="14">1657220204</Property>
 <Property name="Inicio do projeto" id="10028" index="0" type="14">1656955381</Property>
 <Property name="Formatos de estruturas principais" id="10029" index="0" type="7">4&#9;0&#9;0&#9;0&#9;0</Property>
 <Property name="Considerações ambientais" id="10034" index="0" type="15">de_DE@keine;en_US@None;nl_NL@geen;fr_FR@aucune;es_ES@ninguno;sv_SE@ingen;da_DK@ingen;zh_CN@无;ru_RU@нет;pl_PL@brak;pt_BR@nenhum;cs_CZ@žádné;it_IT@nessuna;hu_HU@Egy se;pt_PT@nenhum;ko_KR@없음;ja_JP@なし;tr_TR@yok;ro_RO@niciunul/niciuna;</Property>
 <Property name="Última versão do EPLAN utilizada" id="10043" index="0" type="7">2.9.4</Property>
 <Property name="Último número de construção do EPLAN utilizado" id="10044" index="0" type="7">14642</Property>
 <Property name="Caminho do projeto (completo)" id="10045" index="0" type="7">C:\Users\Public\EPLAN\Data\Projectos\Company name</Property>
 <Property name="Hora de criação" id="10046" index="0" type="7">18:22:44</Property>
 <Property name="Hora da alteração" id="10047" index="0" type="7">19:51:22</Property>
 <Property name="Última tradução: Hora" id="10048" index="0" type="7">10:12:07</Property>
 <Property name="Formato de estrutura para páginas" id="10050" index="0" type="7">&lt;10002&gt;&lt;10004&gt;&lt;10006&gt;&lt;11012&gt;&lt;11013&gt;</Property>
 <Property name="Formato da estrutura para pontos de interrupção" id="10051" index="0" type="7">&lt;10002&gt;&lt;20012&gt;&lt;20013&gt;&lt;20014&gt;&lt;20015&gt;</Property>
 <Property name="Formato de estrutura para barramento" id="10053" index="0" type="7">&lt;10004&gt;&lt;20012&gt;&lt;20013&gt;&lt;20014&gt;&lt;20015&gt;&lt;20016&gt;&lt;20017&gt;&lt;20018&gt;&lt;20019&gt;</Property>
 <Property name="Formato de estrutura principal para todos os dispositivos" id="10054" index="0" type="7">&lt;10002&gt;&lt;10004&gt;&lt;20012&gt;&lt;20013&gt;&lt;20014&gt;&lt;20015&gt;&lt;20016&gt;&lt;20017&gt;&lt;20018&gt;&lt;20019&gt;</Property>
 <Property name="Formato de estrutura para dispositivos gerais" id="10055" index="0" type="7">&lt;10002&gt;&lt;10004&gt;&lt;20012&gt;&lt;20013&gt;&lt;20014&gt;&lt;20015&gt;&lt;20016&gt;&lt;20017&gt;&lt;20018&gt;&lt;20019&gt;</Property>
 <Property name="Formato de estrutura para caixa negras" id="10056" index="0" type="7">&lt;10002&gt;&lt;10004&gt;&lt;20012&gt;&lt;20013&gt;&lt;20014&gt;&lt;20015&gt;&lt;20016&gt;&lt;20017&gt;&lt;20018&gt;&lt;20019&gt;</Property>
 <Property name="Formato de estrutura para PLC / técnica de bus" id="10057" index="0" type="7">&lt;10002&gt;&lt;10004&gt;&lt;20012&gt;&lt;20013&gt;&lt;20014&gt;&lt;20015&gt;&lt;20016&gt;&lt;20017&gt;&lt;20018&gt;&lt;20019&gt;</Property>
 <Property name="Hora do dia" id="10058" index="0" type="14">1657220204</Property>
 <Property name="Formato de estrutura para réguas de bornes" id="10059" index="0" type="7">&lt;10004&gt;&lt;20012&gt;&lt;20013&gt;&lt;20014&gt;&lt;20015&gt;&lt;20016&gt;&lt;20017&gt;&lt;20018&gt;&lt;20019&gt;</Property>
 <Property name="Formato de estrutura para fichas" id="10060" index="0" type="7">&lt;10004&gt;&lt;20012&gt;&lt;20013&gt;&lt;20014&gt;&lt;20015&gt;&lt;20016&gt;&lt;20017&gt;&lt;20018&gt;&lt;20019&gt;</Property>
 <Property name="Formato de estrutura para cabos" id="10061" index="0" type="7">&lt;10004&gt;&lt;20012&gt;&lt;20013&gt;&lt;20014&gt;&lt;20015&gt;&lt;20016&gt;&lt;20017&gt;&lt;20018&gt;&lt;20019&gt;</Property>
 <Property name="Formato de estrutura para caixas da estrutura" id="10062" index="0" type="7">&lt;10002&gt;&lt;10004&gt;&lt;20012&gt;&lt;20013&gt;&lt;20014&gt;&lt;20015&gt;&lt;20016&gt;&lt;20017&gt;&lt;20018&gt;&lt;20019&gt;</Property>
 <Property name="Formato de estrutura para dispositivos do Fluid" id="10063" index="0" type="7">&lt;10002&gt;&lt;10004&gt;&lt;20012&gt;&lt;20013&gt;&lt;20014&gt;&lt;20015&gt;&lt;20016&gt;&lt;20017&gt;&lt;20018&gt;&lt;20019&gt;</Property>
 <Property name="Formato de estrutura para distribuidor / conector de linha do Fluid" id="10064" index="0" type="7">&lt;10002&gt;&lt;10004&gt;&lt;20012&gt;&lt;20013&gt;&lt;20014&gt;&lt;20015&gt;&lt;20016&gt;&lt;20017&gt;&lt;20018&gt;&lt;20019&gt;</Property>
 <Property name="Quantidade de páginas fixas por tipo de página" id="10065" index="1" type="4">0</Property>
 <Property name="Quantidade de páginas fixas por tipo de página" id="10065" index="2" type="4">0</Property>
 <Property name="Quantidade de páginas fixas por tipo de página" id="10065" index="3" type="4">0</Property>
 <Property name="Quantidade de páginas fixas por tipo de página" id="10065" index="4" type="4">0</Property>
 <Property name="Quantidade de páginas fixas por tipo de página" id="10065" index="5" type="4">0</Property>
 <Property name="Quantidade de páginas fixas por tipo de página" id="10065" index="6" type="4">0</Property>
 <Property name="Quantidade de páginas fixas por tipo de página" id="10065" index="7" type="4">0</Property>
 <Property name="Quantidade de páginas fixas por tipo de página" id="10065" index="8" type="4">0</Property>
 <Property name="Quantidade de páginas fixas por tipo de página" id="10065" index="9" type="4">0</Property>
 <Property name="Quantidade de páginas fixas por tipo de página" id="10065" index="10" type="4">0</Property>
 <Property name="Quantidade de páginas fixas por tipo de página" id="10065" index="11" type="4">0</Property>
 <Property name="Quantidade de páginas fixas por tipo de página" id="10065" index="12" type="4">0</Property>
 <Property name="Quantidade de páginas fixas por tipo de página" id="10065" index="13" type="4">0</Property>
 <Property name="Quantidade de páginas fixas por tipo de página" id="10065" index="14" type="4">0</Property>
 <Property name="Quantidade de páginas fixas por tipo de página" id="10065" index="15" type="4">0</Property>
 <Property name="Quantidade de páginas fixas por tipo de página" id="10065" index="16" type="4">0</Property>
 <Property name="Quantidade de páginas fixas por tipo de página" id="10065" index="17" type="4">1</Property>
 <Property name="Quantidade de páginas fixas por tipo de página" id="10065" index="18" type="4">0</Property>
 <Property name="Quantidade de páginas fixas por tipo de página" id="10065" index="19" type="4">0</Property>
 <Property name="Quantidade de páginas fixas por tipo de página" id="10065" index="20" type="4">0</Property>
 <Property name="Quantidade de páginas fixas por tipo de página" id="10065" index="21" type="4">0</Property>
 <Property name="Quantidade de páginas fixas por tipo de página" id="10065" index="22" type="4">0</Property>
 <Property name="Quantidade de páginas fixas por tipo de página" id="10065" index="23" type="4">0</Property>
 <Property name="Quantidade de páginas fixas por tipo de página" id="10065" index="24" type="4">0</Property>
 <Property name="Quantidade de páginas fixas por tipo de página" id="10065" index="25" type="4">0</Property>
 <Property name="Quantidade de páginas fixas por tipo de página" id="10065" index="26" type="4">0</Property>
 <Property name="Quantidade de páginas fixas por tipo de página" id="10065" index="27" type="4">0</Property>
 <Property name="Quantidade de páginas fixas por tipo de página" id="10065" index="28" type="4">0</Property>
 <Property name="Quantidade de páginas fixas por tipo de página" id="10065" index="29" type="4">0</Property>
 <Property name="Quantidade de páginas fixas por tipo de página" id="10065" index="30" type="4">0</Property>
 <Property name="Quantidade de páginas fixas por tipo de página" id="10065" index="31" type="4">0</Property>
 <Property name="Quantidade de páginas fixas por tipo de página" id="10065" index="32" type="4">0</Property>
 <Property name="Quantidade de páginas fixas por tipo de página" id="10065" index="33" type="4">0</Property>
 <Property name="Quantidade de páginas fixas por tipo de página" id="10065" index="34" type="4">0</Property>
 <Property name="Quantidade de páginas fixas por tipo de página" id="10065" index="35" type="4">0</Property>
 <Property name="Quantidade de páginas fixas por tipo de página" id="10065" index="36" type="4">0</Property>
 <Property name="Quantidade de páginas fixas por tipo de página" id="10065" index="37" type="4">0</Property>
 <Property name="Quantidade de páginas fixas por tipo de página" id="10065" index="38" type="4">0</Property>
 <Property name="Quantidade de páginas fixas por tipo de página" id="10065" index="39" type="4">0</Property>
 <Property name="Quantidade de páginas fixas por tipo de página" id="10065" index="40" type="4">0</Property>
 <Property name="Quantidade de páginas fixas por tipo de página" id="10065" index="41" type="4">0</Property>
 <Property name="Quantidade de páginas fixas por tipo de página" id="10065" index="42" type="4">0</Property>
 <Property name="Quantidade de páginas fixas por tipo de página" id="10065" index="43" type="4">0</Property>
 <Property name="Quantidade de páginas fixas por tipo de página" id="10065" index="44" type="4">0</Property>
 <Property name="Quantidade de páginas fixas por tipo de página" id="10065" index="45" type="4">0</Property>
 <Property name="Quantidade de páginas fixas por tipo de página" id="10065" index="46" type="4">0</Property>
 <Property name="Quantidade de páginas fixas por tipo de página" id="10065" index="47" type="4">0</Property>
 <Property name="Quantidade de páginas fixas por tipo de página" id="10065" index="48" type="4">0</Property>
 <Property name="Quantidade de páginas fixas por tipo de página" id="10065" index="49" type="4">0</Property>
 <Property name="Quantidade de páginas fixas por tipo de página" id="10065" index="50" type="4">0</Property>
 <Property name="Quantidade de páginas fixas por tipo de página" id="10065" index="51" type="4">0</Property>
 <Property name="Quantidade de páginas fixas por tipo de página" id="10065" index="52" type="4">0</Property>
 <Property name="Quantidade de páginas fixas por tipo de página" id="10065" index="53" type="4">0</Property>
 <Property name="Quantidade de páginas fixas por tipo de página" id="10065" index="54" type="4">0</Property>
 <Property name="Quantidade de páginas fixas por tipo de página" id="10065" index="55" type="4">0</Property>
 <Property name="Quantidade de páginas fixas por tipo de página" id="10065" index="56" type="4">0</Property>
 <Property name="Quantidade de páginas fixas por tipo de página" id="10065" index="57" type="4">0</Property>
 <Property name="Quantidade de páginas fixas por tipo de página" id="10065" index="58" type="4">0</Property>
 <Property name="Quantidade de páginas fixas por tipo de página" id="10065" index="59" type="4">0</Property>
 <Property name="Quantidade de páginas fixas por tipo de página" id="10065" index="60" type="4">0</Property>
 <Property name="Quantidade de páginas fixas por tipo de página" id="10065" index="61" type="4">0</Property>
 <Property name="Quantidade de páginas fixas por tipo de página" id="10065" index="62" type="4">0</Property>
 <Property name="Quantidade de páginas fixas por tipo de página" id="10065" index="63" type="4">0</Property>
 <Property name="Modelo de projeto" id="10069" index="0" type="7">IEC_tpl003.ept</Property>
 <Property name="Formato de nome para páginas" id="10070" index="0" type="7">&lt;10002&gt;&lt;10004&gt;&lt;10006&gt;&lt;11012&gt;&lt;11013&gt;</Property>
 <Property name="Formato de nome para pontos de interrupção" id="10071" index="0" type="7">&lt;10002&gt;&lt;20012&gt;&lt;20013&gt;&lt;20014&gt;&lt;20015&gt;</Property>
 <Property name="Internal: Build" id="10072" index="0" type="7">14642</Property>
 <Property name="Formato de nome para barramentos" id="10073" index="0" type="7">&lt;10004&gt;&lt;20012&gt;&lt;20013&gt;&lt;20014&gt;&lt;20015&gt;&lt;20016&gt;&lt;20017&gt;&lt;20018&gt;&lt;20019&gt;</Property>
 <Property name="Formato de nomes principais para todos os dispositivos" id="10074" index="0" type="7">&lt;10002&gt;&lt;10004&gt;&lt;20012&gt;&lt;20013&gt;&lt;20014&gt;&lt;20015&gt;&lt;20016&gt;&lt;20017&gt;&lt;20018&gt;&lt;20019&gt;</Property>
 <Property name="Formato de nomes para dispositivos" id="10075" index="0" type="7">&lt;10002&gt;&lt;10004&gt;&lt;20012&gt;&lt;20013&gt;&lt;20014&gt;&lt;20015&gt;&lt;20016&gt;&lt;20017&gt;&lt;20018&gt;&lt;20019&gt;</Property>
 <Property name="Formato de nomes para caixas negras" id="10076" index="0" type="7">&lt;10002&gt;&lt;10004&gt;&lt;20012&gt;&lt;20013&gt;&lt;20014&gt;&lt;20015&gt;&lt;20016&gt;&lt;20017&gt;&lt;20018&gt;&lt;20019&gt;</Property>
 <Property name="Formato de nomeação para PLC / técnica de bus" id="10077" index="0" type="7">&lt;10002&gt;&lt;10004&gt;&lt;20012&gt;&lt;20013&gt;&lt;20014&gt;&lt;20015&gt;&lt;20016&gt;&lt;20017&gt;&lt;20018&gt;&lt;20019&gt;</Property>
 <Property name="Formato de nomes para réguas de bornes" id="10079" index="0" type="7">&lt;10004&gt;&lt;20012&gt;&lt;20013&gt;&lt;20014&gt;&lt;20015&gt;&lt;20016&gt;&lt;20017&gt;&lt;20018&gt;&lt;20019&gt;</Property>
 <Property name="Formato de nomes para fichas" id="10080" index="0" type="7">&lt;10004&gt;&lt;20012&gt;&lt;20013&gt;&lt;20014&gt;&lt;20015&gt;&lt;20016&gt;&lt;20017&gt;&lt;20018&gt;&lt;20019&gt;</Property>
 <Property name="Formato de nomes para cabos" id="10081" index="0" type="7">&lt;10004&gt;&lt;20012&gt;&lt;20013&gt;&lt;20014&gt;&lt;20015&gt;&lt;20016&gt;&lt;20017&gt;&lt;20018&gt;&lt;20019&gt;</Property>
 <Property name="Formato de nomes para caixas da estrutura" id="10082" index="0" type="7">&lt;10002&gt;&lt;10004&gt;&lt;20012&gt;&lt;20013&gt;&lt;20014&gt;&lt;20015&gt;&lt;20016&gt;&lt;20017&gt;&lt;20018&gt;&lt;20019&gt;</Property>
 <Property name="Formato de nomes para dispositivos do Fluid" id="10083" index="0" type="7">&lt;10002&gt;&lt;10004&gt;&lt;20012&gt;&lt;20013&gt;&lt;20014&gt;&lt;20015&gt;&lt;20016&gt;&lt;20017&gt;&lt;20018&gt;&lt;20019&gt;</Property>
 <Property name="Formato da nomeação para distribuidor / conector de linha do Fluid" id="10084" index="0" type="7">&lt;10002&gt;&lt;10004&gt;&lt;20012&gt;&lt;20013&gt;&lt;20014&gt;&lt;20015&gt;&lt;20016&gt;&lt;20017&gt;&lt;20018&gt;&lt;20019&gt;</Property>
 <Property name="Formato de estrutura para dispositivos de mecânica" id="10085" index="0" type="7">&lt;10004&gt;&lt;20012&gt;&lt;20013&gt;&lt;20014&gt;&lt;20015&gt;&lt;20016&gt;&lt;20017&gt;&lt;20018&gt;&lt;20019&gt;</Property>
 <Property name="Formato de nomes para dispositivos de mecânica" id="10086" index="0" type="7">&lt;10004&gt;&lt;20012&gt;&lt;20013&gt;&lt;20014&gt;&lt;20015&gt;&lt;20016&gt;&lt;20017&gt;&lt;20018&gt;&lt;20019&gt;</Property>
 <Property name="Internal: Highest used EPLAN build number" id="10087" index="0" type="4">14642</Property>
 <Property name="Internal: Highest used EPLAN version" id="10088" index="0" type="7">2.9.4.14642</Property>
 <Property name="Sequência das estruturas do projeto no nome da página" id="10089" index="0" type="7">&lt;10001&gt;&lt;10002&gt;&lt;10003&gt;&lt;10004&gt;&lt;10006&gt;&lt;10007&gt;&lt;10005&gt;</Property>
 <Property name="Editar DT em campos individuais" id="10090" index="0" type="1">0</Property>
 <Property name="Sequência das propriedades individuais de DT&apos;s" id="10091" index="0" type="7"/>
 <Property name="A estrutura da estrutura em árvore em árvore de páginas" id="10092" index="0" type="7">3&#9;11017&#9;0&#9;0&#9;10002&#9;0&#9;1&#9;10004&#9;0&#9;1&#9;10006&#9;0&#9;1</Property>
 <Property name="Apresentar identificadores descritivos na árvore de páginas" id="10093" index="0" type="1">0</Property>
 <Property name="Estrutura da estrutura em árvore dos navegadores de dispositivos" id="10094" index="0" type="7">3&#9;10002&#9;0&#9;1&#9;10004&#9;0&#9;1&#9;20012&#9;0&#9;0&#9;20013&#9;0&#9;0&#9;20014&#9;0&#9;0&#9;20015&#9;0&#9;0</Property>
 <Property name="Apresentar identificadores descritivos nos navegadores de dispositivos" id="10095" index="0" type="1">0</Property>
 <Property name="Propriedade do bloco: Formato (definição de tubagem)" id="10097" index="0" type="7">0</Property>
 <Property name="Índice mais alto de revisão (do rastreamento de alteração)" id="10098" index="0" type="7"/>
 <Property name="Revisão: Nome de projeto original" id="10149" index="0" type="7"/>
 <Property name="ID clara do projeto" id="10184" index="0" type="7">Robo UR10@1656955380</Property>
 <Property name="Número de licença de chave" id="10185" index="0" type="7">CHAOS363</Property>
 <Property name="Quantidade de páginas por tipo de página" id="10200" index="1" type="4">12</Property>
 <Property name="Quantidade de páginas por tipo de página" id="10200" index="2" type="4">0</Property>
 <Property name="Quantidade de páginas por tipo de página" id="10200" index="3" type="4">0</Property>
 <Property name="Quantidade de páginas por tipo de página" id="10200" index="4" type="4">0</Property>
 <Property name="Quantidade de páginas por tipo de página" id="10200" index="5" type="4">0</Property>
 <Property name="Quantidade de páginas por tipo de página" id="10200" index="6" type="4">0</Property>
 <Property name="Quantidade de páginas por tipo de página" id="10200" index="7" type="4">0</Property>
 <Property name="Quantidade de páginas por tipo de página" id="10200" index="8" type="4">0</Property>
 <Property name="Quantidade de páginas por tipo de página" id="10200" index="9" type="4">0</Property>
 <Property name="Quantidade de páginas por tipo de página" id="10200" index="10" type="4">0</Property>
 <Property name="Quantidade de páginas por tipo de página" id="10200" index="11" type="4">0</Property>
 <Property name="Quantidade de páginas por tipo de página" id="10200" index="12" type="4">0</Property>
 <Property name="Quantidade de páginas por tipo de página" id="10200" index="13" type="4">0</Property>
 <Property name="Quantidade de páginas por tipo de página" id="10200" index="14" type="4">1</Property>
 <Property name="Quantidade de páginas por tipo de página" id="10200" index="15" type="4">0</Property>
 <Property name="Quantidade de páginas por tipo de página" id="10200" index="16" type="4">0</Property>
 <Property name="Quantidade de páginas por tipo de página" id="10200" index="17" type="4">1</Property>
 <Property name="Quantidade de páginas por tipo de página" id="10200" index="18" type="4">0</Property>
 <Property name="Quantidade de páginas por tipo de página" id="10200" index="19" type="4">0</Property>
 <Property name="Quantidade de páginas por tipo de página" id="10200" index="20" type="4">0</Property>
 <Property name="Quantidade de páginas por tipo de página" id="10200" index="21" type="4">0</Property>
 <Property name="Quantidade de páginas por tipo de página" id="10200" index="22" type="4">0</Property>
 <Property name="Quantidade de páginas por tipo de página" id="10200" index="23" type="4">0</Property>
 <Property name="Quantidade de páginas por tipo de página" id="10200" index="24" type="4">0</Property>
 <Property name="Quantidade de páginas por tipo de página" id="10200" index="25" type="4">0</Property>
 <Property name="Quantidade de páginas por tipo de página" id="10200" index="26" type="4">0</Property>
 <Property name="Quantidade de páginas por tipo de página" id="10200" index="27" type="4">0</Property>
 <Property name="Quantidade de páginas por tipo de página" id="10200" index="28" type="4">0</Property>
 <Property name="Quantidade de páginas por tipo de página" id="10200" index="29" type="4">0</Property>
 <Property name="Quantidade de páginas por tipo de página" id="10200" index="30" type="4">0</Property>
 <Property name="Quantidade de páginas por tipo de página" id="10200" index="31" type="4">0</Property>
 <Property name="Quantidade de páginas por tipo de página" id="10200" index="32" type="4">0</Property>
 <Property name="Quantidade de páginas por tipo de página" id="10200" index="33" type="4">0</Property>
 <Property name="Quantidade de páginas por tipo de página" id="10200" index="34" type="4">0</Property>
 <Property name="Quantidade de páginas por tipo de página" id="10200" index="35" type="4">0</Property>
 <Property name="Quantidade de páginas por tipo de página" id="10200" index="36" type="4">0</Property>
 <Property name="Quantidade de páginas por tipo de página" id="10200" index="37" type="4">0</Property>
 <Property name="Quantidade de páginas por tipo de página" id="10200" index="38" type="4">0</Property>
 <Property name="Quantidade de páginas por tipo de página" id="10200" index="39" type="4">0</Property>
 <Property name="Quantidade de páginas por tipo de página" id="10200" index="40" type="4">0</Property>
 <Property name="Quantidade de páginas por tipo de página" id="10200" index="41" type="4">0</Property>
 <Property name="Quantidade de páginas por tipo de página" id="10200" index="42" type="4">0</Property>
 <Property name="Quantidade de páginas por tipo de página" id="10200" index="43" type="4">0</Property>
 <Property name="Quantidade de páginas por tipo de página" id="10200" index="44" type="4">0</Property>
 <Property name="Quantidade de páginas por tipo de página" id="10200" index="45" type="4">0</Property>
 <Property name="Quantidade de páginas por tipo de página" id="10200" index="46" type="4">0</Property>
 <Property name="Quantidade de páginas por tipo de página" id="10200" index="47" type="4">0</Property>
 <Property name="Quantidade de páginas por tipo de página" id="10200" index="48" type="4">0</Property>
 <Property name="Quantidade de páginas por tipo de página" id="10200" index="49" type="4">0</Property>
 <Property name="Quantidade de páginas por tipo de página" id="10200" index="50" type="4">0</Property>
 <Property name="Quantidade de páginas por tipo de página" id="10200" index="51" type="4">0</Property>
 <Property name="Quantidade de páginas por tipo de página" id="10200" index="52" type="4">0</Property>
 <Property name="Quantidade de páginas por tipo de página" id="10200" index="53" type="4">0</Property>
 <Property name="Quantidade de páginas por tipo de página" id="10200" index="54" type="4">0</Property>
 <Property name="Quantidade de páginas por tipo de página" id="10200" index="55" type="4">0</Property>
 <Property name="Quantidade de páginas por tipo de página" id="10200" index="56" type="4">0</Property>
 <Property name="Quantidade de páginas por tipo de página" id="10200" index="57" type="4">0</Property>
 <Property name="Quantidade de páginas por tipo de página" id="10200" index="58" type="4">0</Property>
 <Property name="Quantidade de páginas por tipo de página" id="10200" index="59" type="4">0</Property>
 <Property name="Quantidade de páginas por tipo de página" id="10200" index="60" type="4">0</Property>
 <Property name="Quantidade de páginas por tipo de página" id="10200" index="61" type="4">0</Property>
 <Property name="Quantidade de páginas por tipo de página" id="10200" index="62" type="4">0</Property>
 <Property name="Quantidade de páginas por tipo de página" id="10200" index="63" type="4">0</Property>
 <Property name="Autor: Nome abreviado" id="10230" index="0" type="7">EPLAN</Property>
 <Property name="Autor: Título" id="10231" index="0" type="7">Firma</Property>
 <Property name="Autor: Nome 1" id="10232" index="0" type="7">EPLAN Software &amp; Service</Property>
 <Property name="Autor: Nome 2" id="10233" index="0" type="7">GmbH &amp; Co. KG</Property>
 <Property name="Autor: Rua" id="10235" index="0" type="7">Universidade de Aveiro, Departamento de Engenharia Mecânica</Property>
 <Property name="Autor: Código Postal (Cidade)" id="10237" index="0" type="7">3800</Property>
 <Property name="Autor: Cidade" id="10238" index="0" type="7">Aveiro</Property>
 <Property name="Autor: País" id="10239" index="0" type="7">Deutschland</Property>
 <Property name="Autor: Fax" id="10241" index="0" type="7">+49 (0)2173 - 39 64 - 25</Property>
 <Property name="Última data de alteração por tipo de página" id="10250" index="1" type="14">1656961604</Property>
 <Property name="Última data de alteração por tipo de página" id="10250" index="2" type="14"/>
 <Property name="Última data de alteração por tipo de página" id="10250" index="3" type="14"/>
 <Property name="Última data de alteração por tipo de página" id="10250" index="4" type="14"/>
 <Property name="Última data de alteração por tipo de página" id="10250" index="5" type="14"/>
 <Property name="Última data de alteração por tipo de página" id="10250" index="6" type="14"/>
 <Property name="Última data de alteração por tipo de página" id="10250" index="7" type="14"/>
 <Property name="Última data de alteração por tipo de página" id="10250" index="8" type="14"/>
 <Property name="Última data de alteração por tipo de página" id="10250" index="9" type="14"/>
 <Property name="Última data de alteração por tipo de página" id="10250" index="10" type="14"/>
 <Property name="Última data de alteração por tipo de página" id="10250" index="11" type="14"/>
 <Property name="Última data de alteração por tipo de página" id="10250" index="12" type="14"/>
 <Property name="Última data de alteração por tipo de página" id="10250" index="13" type="14"/>
 <Property name="Última data de alteração por tipo de página" id="10250" index="14" type="14">1656961007</Property>
 <Property name="Última data de alteração por tipo de página" id="10250" index="15" type="14"/>
 <Property name="Última data de alteração por tipo de página" id="10250" index="16" type="14"/>
 <Property name="Última data de alteração por tipo de página" id="10250" index="17" type="14">1656961115</Property>
 <Property name="Última data de alteração por tipo de página" id="10250" index="18" type="14"/>
 <Property name="Última data de alteração por tipo de página" id="10250" index="19" type="14"/>
 <Property name="Última data de alteração por tipo de página" id="10250" index="20" type="14"/>
 <Property name="Última data de alteração por tipo de página" id="10250" index="21" type="14"/>
 <Property name="Última data de alteração por tipo de página" id="10250" index="22" type="14"/>
 <Property name="Última data de alteração por tipo de página" id="10250" index="23" type="14"/>
 <Property name="Última data de alteração por tipo de página" id="10250" index="24" type="14"/>
 <Property name="Última data de alteração por tipo de página" id="10250" index="25" type="14"/>
 <Property name="Última data de alteração por tipo de página" id="10250" index="26" type="14"/>
 <Property name="Última data de alteração por tipo de página" id="10250" index="27" type="14"/>
 <Property name="Última data de alteração por tipo de página" id="10250" index="28" type="14"/>
 <Property name="Última data de alteração por tipo de página" id="10250" index="29" type="14"/>
 <Property name="Última data de alteração por tipo de página" id="10250" index="30" type="14"/>
 <Property name="Última data de alteração por tipo de página" id="10250" index="31" type="14"/>
 <Property name="Última data de alteração por tipo de página" id="10250" index="32" type="14"/>
 <Property name="Última data de alteração por tipo de página" id="10250" index="33" type="14"/>
 <Property name="Última data de alteração por tipo de página" id="10250" index="34" type="14"/>
 <Property name="Última data de alteração por tipo de página" id="10250" index="35" type="14"/>
 <Property name="Última data de alteração por tipo de página" id="10250" index="36" type="14"/>
 <Property name="Última data de alteração por tipo de página" id="10250" index="37" type="14"/>
 <Property name="Última data de alteração por tipo de página" id="10250" index="38" type="14"/>
 <Property name="Última data de alteração por tipo de página" id="10250" index="39" type="14"/>
 <Property name="Última data de alteração por tipo de página" id="10250" index="40" type="14"/>
 <Property name="Última data de alteração por tipo de página" id="10250" index="41" type="14"/>
 <Property name="Última data de alteração por tipo de página" id="10250" index="42" type="14"/>
 <Property name="Última data de alteração por tipo de página" id="10250" index="43" type="14"/>
 <Property name="Última data de alteração por tipo de página" id="10250" index="44" type="14"/>
 <Property name="Última data de alteração por tipo de página" id="10250" index="45" type="14"/>
 <Property name="Última data de alteração por tipo de página" id="10250" index="46" type="14"/>
 <Property name="Última data de alteração por tipo de página" id="10250" index="47" type="14"/>
 <Property name="Última data de alteração por tipo de página" id="10250" index="48" type="14"/>
 <Property name="Última data de alteração por tipo de página" id="10250" index="49" type="14"/>
 <Property name="Última data de alteração por tipo de página" id="10250" index="50" type="14"/>
 <Property name="Última data de alteração por tipo de página" id="10250" index="51" type="14"/>
 <Property name="Última data de alteração por tipo de página" id="10250" index="52" type="14"/>
 <Property name="Última data de alteração por tipo de página" id="10250" index="53" type="14"/>
 <Property name="Última data de alteração por tipo de página" id="10250" index="54" type="14"/>
 <Property name="Última data de alteração por tipo de página" id="10250" index="55" type="14"/>
 <Property name="Última data de alteração por tipo de página" id="10250" index="56" type="14"/>
 <Property name="Última data de alteração por tipo de página" id="10250" index="57" type="14"/>
 <Property name="Última data de alteração por tipo de página" id="10250" index="58" type="14"/>
 <Property name="Última data de alteração por tipo de página" id="10250" index="59" type="14"/>
 <Property name="Última data de alteração por tipo de página" id="10250" index="60" type="14"/>
 <Property name="Última data de alteração por tipo de página" id="10250" index="61" type="14"/>
 <Property name="Última data de alteração por tipo de página" id="10250" index="62" type="14"/>
 <Property name="Última data de alteração por tipo de página" id="10250" index="63" type="14"/>
 <Property name="Última hora de alteração por tipo de página" id="10251" index="1" type="7">20:06:44</Property>
 <Property name="Última hora de alteração por tipo de página" id="10251" index="2" type="7"/>
 <Property name="Última hora de alteração por tipo de página" id="10251" index="3" type="7"/>
 <Property name="Última hora de alteração por tipo de página" id="10251" index="4" type="7"/>
 <Property name="Última hora de alteração por tipo de página" id="10251" index="5" type="7"/>
 <Property name="Última hora de alteração por tipo de página" id="10251" index="6" type="7"/>
 <Property name="Última hora de alteração por tipo de página" id="10251" index="7" type="7"/>
 <Property name="Última hora de alteração por tipo de página" id="10251" index="8" type="7"/>
 <Property name="Última hora de alteração por tipo de página" id="10251" index="9" type="7"/>
 <Property name="Última hora de alteração por tipo de página" id="10251" index="10" type="7"/>
 <Property name="Última hora de alteração por tipo de página" id="10251" index="11" type="7"/>
 <Property name="Última hora de alteração por tipo de página" id="10251" index="12" type="7"/>
 <Property name="Última hora de alteração por tipo de página" id="10251" index="13" type="7"/>
 <Property name="Última hora de alteração por tipo de página" id="10251" index="14" type="7">19:56:47</Property>
 <Property name="Última hora de alteração por tipo de página" id="10251" index="15" type="7"/>
 <Property name="Última hora de alteração por tipo de página" id="10251" index="16" type="7"/>
 <Property name="Última hora de alteração por tipo de página" id="10251" index="17" type="7">19:58:35</Property>
 <Property name="Última hora de alteração por tipo de página" id="10251" index="18" type="7"/>
 <Property name="Última hora de alteração por tipo de página" id="10251" index="19" type="7"/>
 <Property name="Última hora de alteração por tipo de página" id="10251" index="20" type="7"/>
 <Property name="Última hora de alteração por tipo de página" id="10251" index="21" type="7"/>
 <Property name="Última hora de alteração por tipo de página" id="10251" index="22" type="7"/>
 <Property name="Última hora de alteração por tipo de página" id="10251" index="23" type="7"/>
 <Property name="Última hora de alteração por tipo de página" id="10251" index="24" type="7"/>
 <Property name="Última hora de alteração por tipo de página" id="10251" index="25" type="7"/>
 <Property name="Última hora de alteração por tipo de página" id="10251" index="26" type="7"/>
 <Property name="Última hora de alteração por tipo de página" id="10251" index="27" type="7"/>
 <Property name="Última hora de alteração por tipo de página" id="10251" index="28" type="7"/>
 <Property name="Última hora de alteração por tipo de página" id="10251" index="29" type="7"/>
 <Property name="Última hora de alteração por tipo de página" id="10251" index="30" type="7"/>
 <Property name="Última hora de alteração por tipo de página" id="10251" index="31" type="7"/>
 <Property name="Última hora de alteração por tipo de página" id="10251" index="32" type="7"/>
 <Property name="Última hora de alteração por tipo de página" id="10251" index="33" type="7"/>
 <Property name="Última hora de alteração por tipo de página" id="10251" index="34" type="7"/>
 <Property name="Última hora de alteração por tipo de página" id="10251" index="35" type="7"/>
 <Property name="Última hora de alteração por tipo de página" id="10251" index="36" type="7"/>
 <Property name="Última hora de alteração por tipo de página" id="10251" index="37" type="7"/>
 <Property name="Última hora de alteração por tipo de página" id="10251" index="38" type="7"/>
 <Property name="Última hora de alteração por tipo de página" id="10251" index="39" type="7"/>
 <Property name="Última hora de alteração por tipo de página" id="10251" index="40" type="7"/>
 <Property name="Última hora de alteração por tipo de página" id="10251" index="41" type="7"/>
 <Property name="Última hora de alteração por tipo de página" id="10251" index="42" type="7"/>
 <Property name="Última hora de alteração por tipo de página" id="10251" index="43" type="7"/>
 <Property name="Última hora de alteração por tipo de página" id="10251" index="44" type="7"/>
 <Property name="Última hora de alteração por tipo de página" id="10251" index="45" type="7"/>
 <Property name="Última hora de alteração por tipo de página" id="10251" index="46" type="7"/>
 <Property name="Última hora de alteração por tipo de página" id="10251" index="47" type="7"/>
 <Property name="Última hora de alteração por tipo de página" id="10251" index="48" type="7"/>
 <Property name="Última hora de alteração por tipo de página" id="10251" index="49" type="7"/>
 <Property name="Última hora de alteração por tipo de página" id="10251" index="50" type="7"/>
 <Property name="Quantidade total de páginas" id="10300" index="0" type="4">14</Property>
 <Property name="Páginas introduzidas" id="10301" index="0" type="4">12</Property>
 <Property name="Páginas de relatório geradas" id="10302" index="0" type="4">2</Property>
 <Property name="Estado do projeto" id="10303" index="0" type="7">11&#9;1&#9;Bornes&#9;&#9;&#9;&#9;0&#9;0&#9;0&#9;2&#9;Fichas&#9;&#9;&#9;&#9;0&#9;0&#9;0&#9;3&#9;Cabos&#9;&#9;&#9;&#9;0&#9;0&#9;0&#9;4&#9;PLC / Bus&#9;&#9;&#9;&#9;0&#9;0&#9;0&#9;5&#9;Ligações&#9;&#9;&#9;&#9;0&#9;0&#9;0&#9;7&#9;Dispositivos&#9;&#9;&#9;&#9;0&#9;0&#9;0&#9;8&#9;Línguas estrangeiras&#9;&#9;&#9;&#9;0&#9;0&#9;0&#9;10&#9;Referências-cruzadas&#9;&#9;&#9;&#9;0&#9;0&#9;0&#9;11&#9;Pontos de interrupção&#9;&#9;&#9;&#9;0&#9;0&#9;0&#9;12&#9;Disposição do painel 2D&#9;&#9;&#9;&#9;0&#9;0&#9;0&#9;13&#9;Dados das peças&#9;&#9;&#9;&#9;0&#9;0&#9;0&#9;14&#9;Macro&#9;&#9;&#9;&#9;0&#9;0&#9;0&#9;15&#9;Relatórios&#9;&#9;&#9;&#9;0&#9;0&#9;0&#9;16&#9;Caixas negras&#9;&#9;&#9;&#9;0&#9;0&#9;0&#9;17&#9;DT&#9;&#9;&#9;&#9;0&#9;0&#9;0&#9;18&#9;Importação de dados EPLAN 5&#9;&#9;&#9;&#9;0&#9;0&#9;0&#9;19&#9;Importação de dados EPLAN 21&#9;&#9;&#9;&#9;0&#9;0&#9;0&#9;20&#9;Comparação de projeto&#9;&#9;&#9;&#9;0&#9;0&#9;0&#9;21&#9;Objetos posicionadores&#9;&#9;&#9;&#9;0&#9;0&#9;0&#9;22&#9;Outros&#9;&#9;&#9;&#9;0&#9;0&#9;0&#9;24&#9;Fluid&#9;&#9;&#9;&#9;0&#9;0&#9;0&#9;25&#9;Parâmetros de projeto&#9;&#9;&#9;&#9;0&#9;0&#9;0&#9;26&#9;Disposição da montagem 3D&#9;&#9;&#9;&#9;0&#9;0&#9;0&#9;27&#9;Topologia&#9;&#9;&#9;&#9;0&#9;0&#9;0&#9;28&#9;Pré-planeamento&#9;&#9;&#9;&#9;0&#9;0&#9;0&#9;29&#9;Profundidade do pré-planeamento&#9;&#9;&#9;&#9;0&#9;0&#9;0&#9;30&#9;Projetos parciais&#9;&#9;&#9;&#9;0&#9;0&#9;0&#9;32&#9;Modelo de furação&#9;&#9;&#9;&#9;0&#9;0&#9;0&#9;33&#9;Cablagem harness&#9;&#9;&#9;&#9;0&#9;0&#9;0&#9;501&#9;Dados mestres das peças&#9;&#9;&#9;&#9;0&#9;0&#9;0&#9;999&#9;Externo&#9;&#9;&#9;&#9;0&#9;0&#9;0</Property>
 <Property name="Quantidade de áreas de colocação" id="10304" index="0" type="4">0</Property>
 <Property name="Design térmico: tensão" id="10310" index="0" type="4">5</Property>
 <Property name="Design térmico: frequência" id="10311" index="0" type="4">1</Property>
 <Property name="Internal: Page format name" id="10400" index="0" type="15">##_##@1499/SchemeDataProject;??_??@Higher-level function mounting location document type;</Property>
 <Property name="Internal: Interruption point format name" id="10401" index="0" type="15">##_##@701/SchemeDataProject;</Property>
 <Property name="Internal: Busbar format name" id="10403" index="0" type="15">##_##@715/SchemeDataProject;</Property>
 <Property name="Internal: Standard device format name" id="10405" index="0" type="15">##_##@703/SchemeDataProject;</Property>
 <Property name="Internal: Device box format name" id="10406" index="0" type="15">##_##@703/SchemeDataProject;</Property>
 <Property name="Internal: PLC format name" id="10407" index="0" type="15">##_##@703/SchemeDataProject;</Property>
 <Property name="Internal: Terminal strip format name" id="10409" index="0" type="15">##_##@715/SchemeDataProject;</Property>
 <Property name="Internal: Plug format name" id="10410" index="0" type="15">##_##@715/SchemeDataProject;</Property>
 <Property name="Internal: Cable format name" id="10411" index="0" type="15">##_##@715/SchemeDataProject;</Property>
 <Property name="Internal: Fluid format name" id="10412" index="0" type="15">##_##@703/SchemeDataProject;</Property>
 <Property name="Internal: Distributor format name" id="10413" index="0" type="15">##_##@703/SchemeDataProject;</Property>
 <Property name="Internal: Mechanic format name" id="10414" index="0" type="15">##_##@715/SchemeDataProject;</Property>
 <Property name="Internal: Page format description" id="10420" index="0" type="15">##_##@1500/SchemeDataProject;??_??@Higher-level function, mounting location and document type  (identifying);</Property>
 <Property name="Internal: Interruption point format description" id="10421" index="0" type="15">##_##@701/SchemeDataProject;</Property>
 <Property name="Internal: Busbar format description" id="10423" index="0" type="15">##_##@715/SchemeDataProject;</Property>
 <Property name="Internal: Standard device format description" id="10425" index="0" type="15">##_##@703/SchemeDataProject;</Property>
 <Property name="Internal: Device box format description" id="10426" index="0" type="15">##_##@703/SchemeDataProject;</Property>
 <Property name="Internal: PLC format description" id="10427" index="0" type="15">##_##@703/SchemeDataProject;</Property>
 <Property name="Internal: Terminal strip format description" id="10429" index="0" type="15">##_##@715/SchemeDataProject;</Property>
 <Property name="Internal: Plug format description" id="10430" index="0" type="15">##_##@715/SchemeDataProject;</Property>
 <Property name="Internal: Cable format description" id="10431" index="0" type="15">##_##@715/SchemeDataProject;</Property>
 <Property name="Internal: Fluid format description" id="10432" index="0" type="15">##_##@703/SchemeDataProject;</Property>
 <Property name="Internal: Distributor format description" id="10433" index="0" type="15">##_##@703/SchemeDataProject;</Property>
 <Property name="Internal: Mechanic format description" id="10434" index="0" type="15">##_##@715/SchemeDataProject;</Property>
 <Property name="Introduzir o tipo de documento no início dos nomes das páginas" id="10450" index="0" type="1">0</Property>
 <Property name="Língua de origem" id="10500" index="0" type="4">93</Property>
 <Property name="Cópia de segurança de dados: Método" id="10514" index="0" type="4">-1</Property>
 <Property name="Internal: Use defined working sections" id="10530" index="0" type="1">0</Property>
 <Property name="Propriedade do bloco: Formato (ponto de interrupção)" id="10609" index="5" type="7">[20221&lt;20010,0,0,0,0,0,0,0,0,de_DE,0,0,0,0,0,0&gt;]-[20222,1&lt;4&lt;11037,0,0,0,0,0,0,0,0,de_DE,0,0,0,0,0,5&gt;&gt;][20222,1&lt;4&lt;11042,0,0,0,0,0,0,0,0,de_DE,0,0,0,0,0,0&gt;&gt;]-[20222,1&lt;20221&lt;19006,0,0,0,0,0,0,0,0,de_DE,0,0,0,0,0,0&gt;&gt;]/[20222,1&lt;20221&lt;19005,0,0,0,0,0,0,0,0,de_DE,0,0,0,0,0,0&gt;&gt;]</Property>
 <Property name="Propriedade do bloco: Texto de substituição" id="10660" index="5" type="7">=│??_??@0;│??_??@E;║=│??_??@2;│??_??@H;║=│??_??@3;│??_??@P;║=│??_??@4;│??_??@C;║=│??_??@5;│??_??@L;║=│??_??@6;│??_??@V;║=│??_??@7;│??_??@F;║=│??_??@8;│??_??@K;║=│??_??@9;│??_??@G;</Property>
 <Property name="Campo suplementar" id="10901" index="1" type="15">de_DE@EPLAN Beispielprojekt;en_US@EPLAN sample project;nl_NL@EPLAN voorbeeldproject;fr_FR@Exemple de projet EPLAN;es_ES@Projecto de ejemplo EPLAN;sv_SE@EPLAN exempelprojekt;da_DK@EPLAN Projekteksempel;zh_CN@EPLAN 示例项目;ru_RU@Образец проекта EPLAN;pl_PL@Przykładowy projekt EPLAN;pt_BR@Exemplo de projeto EPLAN;cs_CZ@Vzorový projekt EPLAN;it_IT@Progetto di esempio EPLAN;hu_HU@EPLAN példa projekt;pt_PT@Exemplo de projeto EPLAN;ko_KR@EPLAN 샘플 프로젝트;ja_JP@EPLAN サンプル プロジェクト;tr_TR@EPLAN örnek projesi;ro_RO@Proiect eşantion EPLAN;</Property>
 <Property name="Tipo do projeto" id="10902" index="0" type="4">1</Property>
 <Property name="Internal: Number of repair processes of the project object" id="10904" index="0" type="4">0</Property>
 <Property name="Formato dos marcadores de revisão (do rastreamento de alteração)" id="19031" index="0" type="7">[14&lt;10155,1,0,0,0,0,0,0,0,,0,0,,0,0&gt;][LF][14&lt;10157,1,0,0,0,0,0,0,0,,0,0,,0,0&gt;][LF][14&lt;10158,1,0,0,0,0,0,0,0,,0,0,,0,0&gt;]</Property>
 <Property name="Campo suplementar de utilizador 1" id="40001" index="0" type="15" identname="EPLAN.Project.UserSupplementaryField1" category="1" displaytype="9000"/>
 <Property name="Campo suplementar de utilizador 2" id="40002" index="0" type="15" identname="EPLAN.Project.UserSupplementaryField2" category="1" displaytype="9000"/>
 <Property name="Campo suplementar de utilizador 3" id="40003" index="0" type="15" identname="EPLAN.Project.UserSupplementaryField3" category="1" displaytype="9000"/>
 <Property name="Campo suplementar de utilizador 4" id="40004" index="0" type="15" identname="EPLAN.Project.UserSupplementaryField4" category="1" displaytype="9000"/>
 <Property name="Campo suplementar de utilizador 5" id="40005" index="0" type="15" identname="EPLAN.Project.UserSupplementaryField5" category="1" displaytype="9000"/>
 <Property name="Campo suplementar de utilizador 6" id="40006" index="0" type="15" identname="EPLAN.Project.UserSupplementaryField6" category="1" displaytype="9000"/>
 <Property name="Campo suplementar de utilizador 7" id="40007" index="0" type="15" identname="EPLAN.Project.UserSupplementaryField7" category="1" displaytype="9000"/>
 <Property name="Campo suplementar de utilizador 8" id="40008" index="0" type="15" identname="EPLAN.Project.UserSupplementaryField8" category="1" displaytype="9000"/>
 <Property name="Campo suplementar de utilizador 9" id="40009" index="0" type="15" identname="EPLAN.Project.UserSupplementaryField9" category="1" displaytype="9000"/>
 <Property name="Campo suplementar de utilizador 10" id="40010" index="0" type="15" identname="EPLAN.Project.UserSupplementaryField10" category="1" displaytype="9000"/>
 <Property name="Campo suplementar de utilizador 11" id="40011" index="0" type="15" identname="EPLAN.Project.UserSupplementaryField11" category="1" displaytype="9000"/>
 <Property name="Campo suplementar de utilizador 12" id="40012" index="0" type="15" identname="EPLAN.Project.UserSupplementaryField12" category="1" displaytype="9000"/>
 <Property name="Campo suplementar de utilizador 13" id="40013" index="0" type="15" identname="EPLAN.Project.UserSupplementaryField13" category="1" displaytype="9000"/>
 <Property name="Campo suplementar de utilizador 14" id="40014" index="0" type="15" identname="EPLAN.Project.UserSupplementaryField14" category="1" displaytype="9000"/>
 <Property name="Campo suplementar de utilizador 15" id="40015" index="0" type="15" identname="EPLAN.Project.UserSupplementaryField15" category="1" displaytype="9000"/>
 <Property name="Campo suplementar de utilizador 16" id="40016" index="0" type="15" identname="EPLAN.Project.UserSupplementaryField16" category="1" displaytype="9000"/>
 <Property name="Campo suplementar de utilizador 17" id="40017" index="0" type="15" identname="EPLAN.Project.UserSupplementaryField17" category="1" displaytype="9000"/>
 <Property name="Campo suplementar de utilizador 18" id="40018" index="0" type="15" identname="EPLAN.Project.UserSupplementaryField18" category="1" displaytype="9000"/>
 <Property name="Campo suplementar de utilizador 19" id="40019" index="0" type="15" identname="EPLAN.Project.UserSupplementaryField19" category="1" displaytype="9000"/>
 <Property name="Campo suplementar de utilizador 20" id="40020" index="0" type="15" identname="EPLAN.Project.UserSupplementaryField20" category="1" displaytype="9000"/>
 <Property name="Campo suplementar de utilizador 21" id="40021" index="0" type="15" identname="EPLAN.Project.UserSupplementaryField21" category="1" displaytype="9000"/>
 <Property name="Campo suplementar de utilizador 22" id="40022" index="0" type="15" identname="EPLAN.Project.UserSupplementaryField22" category="1" displaytype="9000"/>
 <Property name="Campo suplementar de utilizador 23" id="40023" index="0" type="15" identname="EPLAN.Project.UserSupplementaryField23" category="1" displaytype="9000"/>
 <Property name="Campo suplementar de utilizador 24" id="40024" index="0" type="15" identname="EPLAN.Project.UserSupplementaryField24" category="1" displaytype="9000"/>
 <Property name="Campo suplementar de utilizador 25" id="40025" index="0" type="15" identname="EPLAN.Project.UserSupplementaryField25" category="1" displaytype="9000"/>
 <Property name="Campo suplementar de utilizador 26" id="40026" index="0" type="15" identname="EPLAN.Project.UserSupplementaryField26" category="1" displaytype="9000"/>
 <Property name="Campo suplementar de utilizador 27" id="40027" index="0" type="15" identname="EPLAN.Project.UserSupplementaryField27" category="1" displaytype="9000"/>
 <Property name="Campo suplementar de utilizador 28" id="40028" index="0" type="15" identname="EPLAN.Project.UserSupplementaryField28" category="1" displaytype="9000"/>
 <Property name="Campo suplementar de utilizador 29" id="40029" index="0" type="15" identname="EPLAN.Project.UserSupplementaryField29" category="1" displaytype="9000"/>
 <Property name="Campo suplementar de utilizador 30" id="40030" index="0" type="15" identname="EPLAN.Project.UserSupplementaryField30" category="1" displaytype="9000"/>
 <Property name="Campo suplementar de utilizador 31" id="40031" index="0" type="15" identname="EPLAN.Project.UserSupplementaryField31" category="1" displaytype="9000"/>
 <Property name="Campo suplementar de utilizador 32" id="40032" index="0" type="15" identname="EPLAN.Project.UserSupplementaryField32" category="1" displaytype="9000"/>
 <Property name="Campo suplementar de utilizador 33" id="40033" index="0" type="15" identname="EPLAN.Project.UserSupplementaryField33" category="1" displaytype="9000"/>
 <Property name="Campo suplementar de utilizador 34" id="40034" index="0" type="15" identname="EPLAN.Project.UserSupplementaryField34" category="1" displaytype="9000"/>
 <Property name="Campo suplementar de utilizador 35" id="40035" index="0" type="15" identname="EPLAN.Project.UserSupplementaryField35" category="1" displaytype="9000"/>
 <Property name="Campo suplementar de utilizador 36" id="40036" index="0" type="15" identname="EPLAN.Project.UserSupplementaryField36" category="1" displaytype="9000"/>
 <Property name="Campo suplementar de utilizador 37" id="40037" index="0" type="15" identname="EPLAN.Project.UserSupplementaryField37" category="1" displaytype="9000"/>
 <Property name="Campo suplementar de utilizador 38" id="40038" index="0" type="15" identname="EPLAN.Project.UserSupplementaryField38" category="1" displaytype="9000"/>
 <Property name="Campo suplementar de utilizador 39" id="40039" index="0" type="15" identname="EPLAN.Project.UserSupplementaryField39" category="1" displaytype="9000"/>
 <Property name="Campo suplementar de utilizador 40" id="40040" index="0" type="15" identname="EPLAN.Project.UserSupplementaryField40" category="1" displaytype="9000"/>
 <Property name="Campo suplementar de utilizador 41" id="40041" index="0" type="15" identname="EPLAN.Project.UserSupplementaryField41" category="1" displaytype="9000"/>
 <Property name="Campo suplementar de utilizador 42" id="40042" index="0" type="15" identname="EPLAN.Project.UserSupplementaryField42" category="1" displaytype="9000"/>
 <Property name="Campo suplementar de utilizador 43" id="40043" index="0" type="15" identname="EPLAN.Project.UserSupplementaryField43" category="1" displaytype="9000"/>
 <Property name="Campo suplementar de utilizador 44" id="40044" index="0" type="15" identname="EPLAN.Project.UserSupplementaryField44" category="1" displaytype="9000"/>
 <Property name="Campo suplementar de utilizador 45" id="40045" index="0" type="15" identname="EPLAN.Project.UserSupplementaryField45" category="1" displaytype="9000"/>
 <Property name="Campo suplementar de utilizador 46" id="40046" index="0" type="15" identname="EPLAN.Project.UserSupplementaryField46" category="1" displaytype="9000"/>
 <Property name="Campo suplementar de utilizador 47" id="40047" index="0" type="15" identname="EPLAN.Project.UserSupplementaryField47" category="1" displaytype="9000"/>
 <Property name="Campo suplementar de utilizador 48" id="40048" index="0" type="15" identname="EPLAN.Project.UserSupplementaryField48" category="1" displaytype="9000"/>
 <Property name="Campo suplementar de utilizador 49" id="40049" index="0" type="15" identname="EPLAN.Project.UserSupplementaryField49" category="1" displaytype="9000"/>
 <Property name="Campo suplementar de utilizador 50" id="40050" index="0" type="15" identname="EPLAN.Project.UserSupplementaryField50" category="1" displaytype="9000"/>
 <Property name="Campo suplementar de utilizador 51" id="40051" index="0" type="15" identname="EPLAN.Project.UserSupplementaryField51" category="1" displaytype="9000"/>
 <Property name="Campo suplementar de utilizador 52" id="40052" index="0" type="15" identname="EPLAN.Project.UserSupplementaryField52" category="1" displaytype="9000"/>
 <Property name="Campo suplementar de utilizador 53" id="40053" index="0" type="15" identname="EPLAN.Project.UserSupplementaryField53" category="1" displaytype="9000"/>
 <Property name="Campo suplementar de utilizador 54" id="40054" index="0" type="15" identname="EPLAN.Project.UserSupplementaryField54" category="1" displaytype="9000"/>
 <Property name="Campo suplementar de utilizador 55" id="40055" index="0" type="15" identname="EPLAN.Project.UserSupplementaryField55" category="1" displaytype="9000"/>
 <Property name="Campo suplementar de utilizador 56" id="40056" index="0" type="15" identname="EPLAN.Project.UserSupplementaryField56" category="1" displaytype="9000"/>
 <Property name="Campo suplementar de utilizador 57" id="40057" index="0" type="15" identname="EPLAN.Project.UserSupplementaryField57" category="1" displaytype="9000"/>
 <Property name="Campo suplementar de utilizador 58" id="40058" index="0" type="15" identname="EPLAN.Project.UserSupplementaryField58" category="1" displaytype="9000"/>
 <Property name="Campo suplementar de utilizador 59" id="40059" index="0" type="15" identname="EPLAN.Project.UserSupplementaryField59" category="1" displaytype="9000"/>
 <Property name="Campo suplementar de utilizador 60" id="40060" index="0" type="15" identname="EPLAN.Project.UserSupplementaryField60" category="1" displaytype="9000"/>
 <Property name="Campo suplementar de utilizador 61" id="40061" index="0" type="15" identname="EPLAN.Project.UserSupplementaryField61" category="1" displaytype="9000"/>
 <Property name="Campo suplementar de utilizador 62" id="40062" index="0" type="15" identname="EPLAN.Project.UserSupplementaryField62" category="1" displaytype="9000"/>
 <Property name="Campo suplementar de utilizador 63" id="40063" index="0" type="15" identname="EPLAN.Project.UserSupplementaryField63" category="1" displaytype="9000"/>
 <Property name="Campo suplementar de utilizador 64" id="40064" index="0" type="15" identname="EPLAN.Project.UserSupplementaryField64" category="1" displaytype="9000"/>
 <Property name="Campo suplementar de utilizador 65" id="40065" index="0" type="15" identname="EPLAN.Project.UserSupplementaryField65" category="1" displaytype="9000"/>
 <Property name="Campo suplementar de utilizador 66" id="40066" index="0" type="15" identname="EPLAN.Project.UserSupplementaryField66" category="1" displaytype="9000"/>
 <Property name="Campo suplementar de utilizador 67" id="40067" index="0" type="15" identname="EPLAN.Project.UserSupplementaryField67" category="1" displaytype="9000"/>
 <Property name="Campo suplementar de utilizador 68" id="40068" index="0" type="15" identname="EPLAN.Project.UserSupplementaryField68" category="1" displaytype="9000"/>
 <Property name="Campo suplementar de utilizador 69" id="40069" index="0" type="15" identname="EPLAN.Project.UserSupplementaryField69" category="1" displaytype="9000"/>
 <Property name="Campo suplementar de utilizador 70" id="40070" index="0" type="15" identname="EPLAN.Project.UserSupplementaryField70" category="1" displaytype="9000"/>
 <Property name="Campo suplementar de utilizador 71" id="40071" index="0" type="15" identname="EPLAN.Project.UserSupplementaryField71" category="1" displaytype="9000"/>
 <Property name="Campo suplementar de utilizador 72" id="40072" index="0" type="15" identname="EPLAN.Project.UserSupplementaryField72" category="1" displaytype="9000"/>
 <Property name="Campo suplementar de utilizador 73" id="40073" index="0" type="15" identname="EPLAN.Project.UserSupplementaryField73" category="1" displaytype="9000"/>
 <Property name="Campo suplementar de utilizador 74" id="40074" index="0" type="15" identname="EPLAN.Project.UserSupplementaryField74" category="1" displaytype="9000"/>
 <Property name="Campo suplementar de utilizador 75" id="40075" index="0" type="15" identname="EPLAN.Project.UserSupplementaryField75" category="1" displaytype="9000"/>
 <Property name="Campo suplementar de utilizador 76" id="40076" index="0" type="15" identname="EPLAN.Project.UserSupplementaryField76" category="1" displaytype="9000"/>
 <Property name="Campo suplementar de utilizador 77" id="40077" index="0" type="15" identname="EPLAN.Project.UserSupplementaryField77" category="1" displaytype="9000"/>
 <Property name="Campo suplementar de utilizador 78" id="40078" index="0" type="15" identname="EPLAN.Project.UserSupplementaryField78" category="1" displaytype="9000"/>
 <Property name="Campo suplementar de utilizador 79" id="40079" index="0" type="15" identname="EPLAN.Project.UserSupplementaryField79" category="1" displaytype="9000"/>
 <Property name="Campo suplementar de utilizador 80" id="40080" index="0" type="15" identname="EPLAN.Project.UserSupplementaryField80" category="1" displaytype="9000"/>
 <Property name="Campo suplementar de utilizador 81" id="40081" index="0" type="15" identname="EPLAN.Project.UserSupplementaryField81" category="1" displaytype="9000"/>
 <Property name="Campo suplementar de utilizador 82" id="40082" index="0" type="15" identname="EPLAN.Project.UserSupplementaryField82" category="1" displaytype="9000"/>
 <Property name="Campo suplementar de utilizador 83" id="40083" index="0" type="15" identname="EPLAN.Project.UserSupplementaryField83" category="1" displaytype="9000"/>
 <Property name="Campo suplementar de utilizador 84" id="40084" index="0" type="15" identname="EPLAN.Project.UserSupplementaryField84" category="1" displaytype="9000"/>
 <Property name="Campo suplementar de utilizador 85" id="40085" index="0" type="15" identname="EPLAN.Project.UserSupplementaryField85" category="1" displaytype="9000"/>
 <Property name="Campo suplementar de utilizador 86" id="40086" index="0" type="15" identname="EPLAN.Project.UserSupplementaryField86" category="1" displaytype="9000"/>
 <Property name="Campo suplementar de utilizador 87" id="40087" index="0" type="15" identname="EPLAN.Project.UserSupplementaryField87" category="1" displaytype="9000"/>
 <Property name="Campo suplementar de utilizador 88" id="40088" index="0" type="15" identname="EPLAN.Project.UserSupplementaryField88" category="1" displaytype="9000"/>
 <Property name="Campo suplementar de utilizador 89" id="40089" index="0" type="15" identname="EPLAN.Project.UserSupplementaryField89" category="1" displaytype="9000"/>
 <Property name="Campo suplementar de utilizador 90" id="40090" index="0" type="15" identname="EPLAN.Project.UserSupplementaryField90" category="1" displaytype="9000"/>
 <Property name="Campo suplementar de utilizador 91" id="40091" index="0" type="15" identname="EPLAN.Project.UserSupplementaryField91" category="1" displaytype="9000"/>
 <Property name="Campo suplementar de utilizador 92" id="40092" index="0" type="15" identname="EPLAN.Project.UserSupplementaryField92" category="1" displaytype="9000"/>
 <Property name="Campo suplementar de utilizador 93" id="40093" index="0" type="15" identname="EPLAN.Project.UserSupplementaryField93" category="1" displaytype="9000"/>
 <Property name="Campo suplementar de utilizador 94" id="40094" index="0" type="15" identname="EPLAN.Project.UserSupplementaryField94" category="1" displaytype="9000"/>
 <Property name="Campo suplementar de utilizador 95" id="40095" index="0" type="15" identname="EPLAN.Project.UserSupplementaryField95" category="1" displaytype="9000"/>
 <Property name="Campo suplementar de utilizador 96" id="40096" index="0" type="15" identname="EPLAN.Project.UserSupplementaryField96" category="1" displaytype="9000"/>
 <Property name="Campo suplementar de utilizador 97" id="40097" index="0" type="15" identname="EPLAN.Project.UserSupplementaryField97" category="1" displaytype="9000"/>
 <Property name="Campo suplementar de utilizador 98" id="40098" index="0" type="15" identname="EPLAN.Project.UserSupplementaryField98" category="1" displaytype="9000"/>
 <Property name="Campo suplementar de utilizador 99" id="40099" index="0" type="15" identname="EPLAN.Project.UserSupplementaryField99" category="1" displaytype="9000"/>
 <Property name="Campo suplementar de utilizador 100" id="40100" index="0" type="15" identname="EPLAN.Project.UserSupplementaryField100" category="1" displaytype="9000"/>
</Properties>
